타임스탬프,실제 시각,누가,반려동물,항목,양,체중,증상,메모
2026. 9. 29 오전 7:40:12,,엄마,보리,아침밥,,,,
2026. 9. 29 오전 8:03:40,,엄마,코코,아침밥,40,,,
2026. 9. 29 오전 8:05:02,,엄마,코코,심장약,,,,
2026. 9. 29 오전 9:10:30,,민수,코코,항생제,,,,
2026. 9. 29 오후 6:40:00,,민수,보리,저녁밥,,,,
2026. 9. 29 오후 7:15:44,,아빠,코코,저녁밥,30,,,반쯤 남김
2026. 9. 29 오후 8:02:10,,아빠,코코,심장약,,,,
2026. 9. 29 오후 9:30:00,오후 9:05:00,민수,코코,항생제,,,,깜빡하고 나중에 적음
2026. 9. 29 오후 10:12:00,,민수,코코,증상,,,구토,밤에 한 번
2026. 9. 30 오전 7:35:20,,엄마,보리,아침밥,,,,
2026. 9. 30 오전 8:01:05,,엄마,코코,아침밥,40,,,
2026. 9. 30 오전 8:02:30,,엄마,코코,심장약,,,,
2026. 9. 30 오전 8:20:11,,민수,코코,심장약,,,,엄마가 준 줄 몰랐음
2026. 9. 30 오전 8:25:00,,민수,코코,체중,,4.2,,
